Account,balance
C-0001,1111.5969166666666
C-0002,53314.894125000006
C-0003,5.735241666666667
C-0004,-649.7736083333334
C-0005,520.822825
C-0006,2553.0411041666666
C-0007,59.553275
C-0008,-552.2636583333333
C-0009,642.2820166666667
C-0010,9877.425375
C-0011,425.3511083333333
C-0012,-97.93277499999999
C-0013,10801.408875
C-0014,6418.96875
C-0015,6419.023125000001
C-0016,752.7260749999999
C-0017,53.481941666666664
C-0018,-59.98694166666667
C-0019,-0.357775
C-0020,4.607708333333333
